\restrict jx1jadYM6TyJMT5Hr9hIhbSpdS7WEaZtb8qlm9bCvo4zCT1VJkn9PGf85EMCviT

SET statement_timeout = 0;
SET lock_timeout = 0;
SET idle_in_transaction_session_timeout = 0;
SET transaction_timeout = 0;
SET client_encoding = 'UTF8';
SET standard_conforming_strings = on;
SELECT pg_catalog.set_config('search_path', '', false);
SET check_function_bodies = false;
SET xmloption = content;
SET client_min_messages = warning;
SET row_security = off;

COPY fantasy.scoring_model (id, name) FROM stdin;
1	6v6 v1
\.

COPY fantasy.player_coefficient (scoring_model, variable, divide_by, highest, lowest, coefficient) FROM stdin;
1	airshots	\N	f	f	0.25
1	assists	\N	f	f	0.2
1	backstabs	\N	f	f	1
1	damage	\N	f	f	0.001
1	deaths	\N	f	f	-1
1	headshot_kills	\N	f	f	0.25
1	health_from_medkits	\N	f	f	0.001
1	damage	\N	t	f	2
1	kills	\N	t	f	2
1	kills	deaths	t	f	2
1	kills	\N	f	f	1
1	kills_as_medic	\N	f	f	2
1	kills_on_medic	\N	f	f	1
1	point_captures	\N	f	f	1
1	ubercharges	\N	f	f	2
1	drops	\N	f	f	-3
1	heals	\N	f	f	0.0008
\.

COPY fantasy.team_coefficient (scoring_model, variable, coefficient) FROM stdin;
1	map_win	3
1	medic_deaths	-0.2
1	round_wins	2
1	round_losses	-1.5
\.

COPY fantasy.tournament (id, name, slug, logo, region, scoring_model, composition, start_time, end_time, initial_budget, transactions, max_from_single_team) FROM stdin;
1	poLANd.tf 2026	poland-2026	\N	Europe	1	1	2026-02-27 13:00:00+00	2026-03-01 22:00:00+00	135000	28	2
\.

COPY fantasy.round (tournament, name, "time") FROM stdin;
1	Round 1	2026-02-27 13:00:00+00
1	Round 2	2026-02-27 14:00:00+00
1	Round 4	2026-02-27 16:00:00+00
1	Round 3	2026-02-27 15:00:00+00
1	Round 5	2026-02-27 18:00:00+00
1	Round 6	2026-02-27 19:00:00+00
1	Round 7	2026-02-27 20:00:00+00
1	Upper Quarter Finals	2026-02-28 10:30:00+00
1	Upper Semi Finals/Lower Round 1	2026-02-28 13:30:00+00
1	Lower Round 2	2026-02-28 17:00:00+00
1	Upper Finals/Lower Quarter Finals	2026-02-28 20:00:00+00
1	Lower Semi Finals	2026-03-01 11:00:00+00
1	Lower Finals	2026-03-01 14:30:00+00
1	Grand Final	2026-03-01 18:00:00+00
\.

COPY fantasy.player (steam_id, name, avatar) FROM stdin;
76561197996516625	jjake	\N
76561197982919230	Marshy	\N
76561198821425662	pyon	\N
76561197970669109	b4nny	\N
76561197974486633	SchmitShot	\N
76561197974493959	Speedy	\N
76561197977444051	BeaVerN	\N
76561197984432316	murje	\N
76561197987616937	Tobs	\N
76561197999595616	nyeh	\N
76561198000620637	Dwo69	\N
76561198001822473	dft	\N
76561198008550431	jyrkas	\N
76561198012526576	bl0ke	\N
76561198019146522	Lupus	\N
76561198019322078	botmode	\N
76561198023071640	yak	\N
76561198025343687	irppa	\N
76561198028724512	Muffinz	\N
76561198033396021	Nevo	\N
76561198035704202	highfive	\N
76561198035712034	slemnish	\N
76561198041159426	blurri	\N
76561198041993514	Kyy	\N
76561198041995688	Voxtec	\N
76561198044084210	Doughy	\N
76561198044321466	Dejvi	\N
76561198044766573	haunts	\N
76561198049312442	mak FP	\N
76561198049378596	Sooooapymeister	\N
76561198049461668	jay	\N
76561198049741167	Phnx	\N
76561198051743607	nehcro	\N
76561198053615827	0mger	\N
76561198053621664	habib	\N
76561198057722639	aph	\N
76561198059645150	b3arodactyl	\N
76561198060619306	Jordy	\N
76561198061233344	$neaky	\N
76561198061586092	Lucky	\N
76561198061594166	chris	\N
76561198061714753	Charon	\N
76561198062247888	auto	\N
76561198063538700	Storm	\N
76561198063910174	fundo	\N
76561198064751568	Nicholas	\N
76561198065179630	kul	\N
76561198065687529	ixy	\N
76561198066813088	strikezz	\N
76561198070962612	SolarLight	\N
76561198073126202	jekeb	\N
76561198073536735	Alexandros	\N
76561198075312767	papi	\N
76561198078149310	babo	\N
76561198082168552	Fnutek	\N
76561198083063071	logan	\N
76561198083505031	flick	\N
76561198084583387	Lukas	\N
76561198085393884	kn	\N
76561198087085347	Wolfy	\N
76561198087251749	Fireball7d7	\N
76561198087462179	Tiram	\N
76561198091360047	ry4n	\N
76561198092223605	zambz	\N
76561198093036669	Maccy	\N
76561198095238286	Brujman	\N
76561198097506221	kosuke	\N
76561198099843841	Gungon	\N
76561198103660553	EoN	\N
76561198103899658	Pijacka	\N
76561198104896547	Varnu	\N
76561198106407598	silves	\N
76561198108250545	Tob	\N
76561198112349210	Aelkyr	\N
76561198119449463	triple	\N
76561198124859583	deli69	\N
76561198125326350	Cento	\N
76561198136156676	LOLGuy	\N
76561198151480944	Cuby	\N
76561198155500549	balder	\N
76561198156188209	toemas_	\N
76561198160202087	snh	\N
76561198164775926	kejhalb	\N
76561198165283687	Oben	\N
76561198177059485	Whip_Cactus	\N
76561198186666399	Uncle Sam	\N
76561198191472526	Fancy Elf	\N
76561198202441870	ympo	\N
76561198280203428	juxta	\N
76561198285841133	mulaa	\N
76561198291778493	june	\N
76561198295610501	Potato	\N
76561198325414022	KO	\N
76561198401737380	Vitun Jonne	\N
76561198800637336	maxi opposum	\N
76561198928909138	gugle	\N
76561198963378933	Evie	\N
76561199030081320	yosh	\N
76561198063884235	Matek	\N
76561198069614351	air	\N
76561198208522112	ALOV1-	\N
76561198088909286	junnu	\N
76561198117247903	Piggles	\N
76561199078847021	flaK	\N
76561198157621024	Royal	\N
76561198172260583	Theseus	\N
76561198088481584	happy	\N
76561198043868358	Aoshi	\N
76561198866623948	luvr	\N
\.

COPY fantasy.team (id, tournament, name, tag, logo) FROM stdin;
1	1	Allen's Workshop	\N	\N
2	1	Aragosting Hazard	\N	\N
3	1	ChudsXLAN	\N	\N
4	1	DIRTY MAGGOTS	\N	\N
5	1	eepy nappers	\N	\N
6	1	Fjord Gaming	\N	\N
7	1	JOEY GUNZ	\N	\N
8	1	kek minoin samurai	\N	\N
9	1	LANkle Monitor	\N	\N
10	1	MANDEM	\N	\N
11	1	Puolangan divisioonan 2 tykistörykmentti	.fi	\N
12	1	The Compound	\N	\N
13	1	The White Lotus	\N	\N
14	1	Witness Gaming	\N	\N
\.

COPY fantasy.participant (tournament, player, team, main_class, price) FROM stdin;
1	76561197974486633	3	scout	13000
1	76561197977444051	2	scout	16000
1	76561197984432316	11	soldier	999999999
1	76561197999595616	14	soldier	23000
1	76561198001822473	3	medic	12000
1	76561198008550431	3	soldier	9000
1	76561198012526576	8	soldier	19000
1	76561198019146522	3	soldier	9000
1	76561198019322078	4	scout	30000
1	76561198023071640	7	demoman	23000
1	76561198025343687	11	medic	9000
1	76561198028724512	11	soldier	8000
1	76561198035704202	13	soldier	22000
1	76561198035712034	13	scout	30000
1	76561198041159426	11	demoman	11000
1	76561198041993514	11	scout	10000
1	76561198041995688	1	scout	23000
1	76561198043868358	12	medic	999999999
1	76561198044321466	2	demoman	16000
1	76561198044766573	10	soldier	22000
1	76561198049312442	8	demoman	24000
1	76561198049461668	13	soldier	23000
1	76561198049741167	1	soldier	15000
1	76561198051743607	6	scout	21000
1	76561198053615827	1	scout	20000
1	76561198057722639	4	scout	27000
1	76561198059645150	6	medic	19000
1	76561198060619306	4	soldier	21000
1	76561198061586092	1	medic	15000
1	76561198061594166	13	scout	28000
1	76561198061714753	5	soldier	8000
1	76561198062247888	14	medic	30000
1	76561198063538700	12	soldier	10000
1	76561198063884235	2	soldier	12000
1	76561198063910174	11	scout	10000
1	76561198064751568	6	scout	22000
1	76561198065179630	3	demoman	11000
1	76561198065687529	14	scout	29000
1	76561198066813088	10	scout	27000
1	76561198069614351	9	demoman	13000
1	76561198070962612	5	demoman	10000
1	76561198073126202	2	soldier	13000
1	76561198073536735	6	soldier	19000
1	76561198075312767	14	soldier	24000
1	76561198078149310	13	medic	26000
1	76561198082168552	5	scout	10000
1	76561198083063071	13	demoman	27000
1	76561198083505031	8	scout	25000
1	76561198084583387	14	demoman	28000
1	76561198085393884	4	soldier	22000
1	76561198087251749	6	soldier	18000
1	76561198087462179	7	demoman	19000
1	76561198088481584	12	demoman	999999999
1	76561198088909286	7	scout	26000
1	76561198091360047	10	soldier	22000
1	76561198092223605	4	demoman	25000
1	76561198097506221	1	soldier	16000
1	76561198103660553	8	medic	23000
1	76561198103899658	12	scout	9000
1	76561198104896547	7	scout	25000
1	76561198106407598	8	soldier	20000
1	76561198108250545	12	scout	9000
1	76561198117247903	7	medic	999999999
1	76561198119449463	2	scout	18000
1	76561198155500549	10	scout	29000
1	76561198156188209	14	scout	31000
1	76561198157621024	9	soldier	999999999
1	76561198160202087	8	scout	26000
1	76561198164775926	3	scout	13000
1	76561198172260583	9	soldier	999999999
1	76561198186666399	9	scout	15000
1	76561198191472526	10	demoman	27000
1	76561198202441870	1	demoman	21000
1	76561198208522112	7	demoman	18000
1	76561198280203428	4	medic	999999999
1	76561198291778493	10	medic	29000
1	76561198295610501	5	soldier	10000
1	76561198325414022	2	medic	16000
1	76561198401737380	5	scout	11000
1	76561198866623948	9	medic	999999999
1	76561198928909138	5	medic	9000
1	76561198963378933	12	soldier	10000
1	76561199030081320	6	demoman	21000
1	76561199078847021	9	scout	999999999
\.

\unrestrict jx1jadYM6TyJMT5Hr9hIhbSpdS7WEaZtb8qlm9bCvo4zCT1VJkn9PGf85EMCviT

